id,title,description,link,image_link,availability,price,brand,mpn,identifier_exists,condition,google_product_category,product_type
THK-MDV-001,Кондиционер MDV AURORA MDSA-30HRN1 (RG10) / MDOA-30HN1,"Бытовая сплит-система MDV AURORA (ON/OFF BIG, хладагент R410A) для помещений большой площади. Надёжный компрессор GMCC, самодиагностика, обнаружение утечки хладагента, самоочистка внутреннего блока. Фотокаталитический и противопылевый фильтры, режимы TURBO и Follow me, 3D Airflow, автоматический перезапуск, обогрев при низких температурах.",https://tehnoholod369.kz/katalog,https://mdv-aircond.ru/upload/iblock/cd3/f0mxfq2ecmgi3rtkmaxuevxi5ef1062v.png,in_stock,465000.00 KZT,MDV,MDSA-30HRN1,no,new,Дом и сад > Бытовая техника > Климатическое оборудование > Кондиционеры,Кондиционеры > Настенные
THK-MDV-002,Кондиционер MDV AURORA MDSA-36HRN1 (RG10) / MDOA-36HN1,"Бытовая сплит-система MDV AURORA (ON/OFF BIG, хладагент R410A) для помещений большой площади. Надёжный компрессор GMCC, самодиагностика, обнаружение утечки хладагента, самоочистка внутреннего блока. Фотокаталитический и противопылевый фильтры, режимы TURBO и Follow me, 3D Airflow, автоматический перезапуск, обогрев при низких температурах.",https://tehnoholod369.kz/katalog,https://mdv-aircond.ru/upload/iblock/cd3/f0mxfq2ecmgi3rtkmaxuevxi5ef1062v.png,in_stock,575000.00 KZT,MDV,MDSA-36HRN1,no,new,Дом и сад > Бытовая техника > Климатическое оборудование > Кондиционеры,Кондиционеры > Настенные
THK-MDV-003,Кондиционер MDV INFINI LOFT MDSALF-09HRFN8 /  MDOALF-09HFN8,"Бытовая инверторная сплит-система MDV INFINI LOFT (ERP Full DC Inverter, R32) с дизайнерским корпусом под карбон. 3D DC-Inverter ERP, мягкое охлаждение Breeze Away, ионизатор Air Magic, фото- и противопылевый фильтры, режимы TURBO+ и Follow me, функция GEAR, 3D Airflow, Wi-Fi-управление.",https://tehnoholod369.kz/katalog,https://mdv-aircond.ru/upload/iblock/c84/vi7oedhkr97zbj327j94yk2ocer111zz.png,in_stock,218750.00 KZT,MDV,MDSALF-09HRFN8,no,new,Дом и сад > Бытовая техника > Климатическое оборудование > Кондиционеры,Кондиционеры > Настенные
THK-MDV-004,Кондиционер MDV INFINI LOFT MDSALF-12HRFN8 /  MDOALF-12HFN8,"Бытовая инверторная сплит-система MDV INFINI LOFT (ERP Full DC Inverter, R32) с дизайнерским корпусом под карбон. 3D DC-Inverter ERP, мягкое охлаждение Breeze Away, ионизатор Air Magic, фото- и противопылевый фильтры, режимы TURBO+ и Follow me, функция GEAR, 3D Airflow, Wi-Fi-управление.",https://tehnoholod369.kz/katalog,https://mdv-aircond.ru/upload/iblock/c84/vi7oedhkr97zbj327j94yk2ocer111zz.png,in_stock,253750.00 KZT,MDV,MDSALF-12HRFN8,no,new,Дом и сад > Бытовая техника > Климатическое оборудование > Кондиционеры,Кондиционеры > Настенные
THK-MDV-005,Кондиционер MDV INFINI LOFT MDSALF-18HRFN8 /  MDOALF-18HFN8,"Бытовая инверторная сплит-система MDV INFINI LOFT (ERP Full DC Inverter, R32) с дизайнерским корпусом под карбон. 3D DC-Inverter ERP, мягкое охлаждение Breeze Away, ионизатор Air Magic, фото- и противопылевый фильтры, режимы TURBO+ и Follow me, функция GEAR, 3D Airflow, Wi-Fi-управление.",https://tehnoholod369.kz/katalog,https://mdv-aircond.ru/upload/iblock/c84/vi7oedhkr97zbj327j94yk2ocer111zz.png,in_stock,367500.00 KZT,MDV,MDSALF-18HRFN8,no,new,Дом и сад > Бытовая техника > Климатическое оборудование > Кондиционеры,Кондиционеры > Настенные
THK-MDV-006,Кондиционер MDV INFINI LOFT MDSALF-24HRFN8 /  MDOALF-24HFN8,"Бытовая инверторная сплит-система MDV INFINI LOFT (ERP Full DC Inverter, R32) с дизайнерским корпусом под карбон. 3D DC-Inverter ERP, мягкое охлаждение Breeze Away, ионизатор Air Magic, фото- и противопылевый фильтры, режимы TURBO+ и Follow me, функция GEAR, 3D Airflow, Wi-Fi-управление.",https://tehnoholod369.kz/katalog,https://mdv-aircond.ru/upload/iblock/c84/vi7oedhkr97zbj327j94yk2ocer111zz.png,in_stock,463750.00 KZT,MDV,MDSALF-24HRFN8,no,new,Дом и сад > Бытовая техника > Климатическое оборудование > Кондиционеры,Кондиционеры > Настенные
THK-MDV-007,Кондиционер MDV INFINI Nordic MDSAN-09HRFN8 / MDOAN-09HFN8,"Инверторный тепловой насос MDV INFINI Nordic Heat Pump (ERP Full DC Inverter, R32): обогрев и охлаждение при −30 °C. 3D DC-Inverter ERP, компрессор GMCC, самоочистка внутреннего и наружного блоков, мягкое охлаждение Breeze Away, ионизатор Air Magic, фильтры, режимы TURBO+ и Follow me, Wi-Fi-управление.",https://tehnoholod369.kz/katalog,https://mdv-aircond.ru/upload/iblock/836/yewymockf52gpxmignrcpa47s4s4ur5p.png,in_stock,261250.00 KZT,MDV,MDSAN-09HRFN8,no,new,Дом и сад > Бытовая техника > Климатическое оборудование > Кондиционеры,Кондиционеры > Настенные
THK-MDV-008,Кондиционер MDV INFINI Nordic MDSAN-12HRFN8 / MDOAN-12HFN8,"Инверторный тепловой насос MDV INFINI Nordic Heat Pump (ERP Full DC Inverter, R32): обогрев и охлаждение при −30 °C. 3D DC-Inverter ERP, компрессор GMCC, самоочистка внутреннего и наружного блоков, мягкое охлаждение Breeze Away, ионизатор Air Magic, фильтры, режимы TURBO+ и Follow me, Wi-Fi-управление.",https://tehnoholod369.kz/katalog,https://mdv-aircond.ru/upload/iblock/836/yewymockf52gpxmignrcpa47s4s4ur5p.png,in_stock,291250.00 KZT,MDV,MDSAN-12HRFN8,no,new,Дом и сад > Бытовая техника > Климатическое оборудование > Кондиционеры,Кондиционеры > Настенные
THK-MDV-009,Кондиционер MDV INFINI Nordic MDSAN-18HRFN8 / MDOAN-18HFN8,"Инверторный тепловой насос MDV INFINI Nordic Heat Pump (ERP Full DC Inverter, R32): обогрев и охлаждение при −30 °C. 3D DC-Inverter ERP, компрессор GMCC, самоочистка внутреннего и наружного блоков, мягкое охлаждение Breeze Away, ионизатор Air Magic, фильтры, режимы TURBO+ и Follow me, Wi-Fi-управление.",https://tehnoholod369.kz/katalog,https://mdv-aircond.ru/upload/iblock/836/yewymockf52gpxmignrcpa47s4s4ur5p.png,in_stock,396250.00 KZT,MDV,MDSAN-18HRFN8,no,new,Дом и сад > Бытовая техника > Климатическое оборудование > Кондиционеры,Кондиционеры > Настенные
THK-MDV-010,Кондиционер MDV INFINI Nordic MDSAN-24HRFN8 / MDOAN-24HFN8,"Инверторный тепловой насос MDV INFINI Nordic Heat Pump (ERP Full DC Inverter, R32): обогрев и охлаждение при −30 °C. 3D DC-Inverter ERP, компрессор GMCC, самоочистка внутреннего и наружного блоков, мягкое охлаждение Breeze Away, ионизатор Air Magic, фильтры, режимы TURBO+ и Follow me, Wi-Fi-управление.",https://tehnoholod369.kz/katalog,https://mdv-aircond.ru/upload/iblock/836/yewymockf52gpxmignrcpa47s4s4ur5p.png,in_stock,507500.00 KZT,MDV,MDSAN-24HRFN8,no,new,Дом и сад > Бытовая техника > Климатическое оборудование > Кондиционеры,Кондиционеры > Настенные
THK-MDV-011,Кондиционер MDV INFINI Uvpro MDSAL-09HRFN8 / MDOAG-09HFN8,"Бытовая инверторная сплит-система MDV INFINI Uvpro (ERP Full DC Inverter, R32) с ультрафиолетовой лампой обеззараживания. 3D DC-Inverter ERP, мягкое охлаждение Breeze Away, ионизатор Air Magic, фото- и противопылевый фильтры, режимы TURBO+ и Follow me, функция GEAR, 3D Airflow, Wi-Fi-управление.",https://tehnoholod369.kz/katalog,https://mdv-aircond.ru/upload/iblock/91f/3udvueqhn2y45j3ikpb1qfegdhw8enmw.png,in_stock,197500.00 KZT,MDV,MDSAL-09HRFN8,no,new,Дом и сад > Бытовая техника > Климатическое оборудование > Кондиционеры,Кондиционеры > Настенные
THK-MDV-012,Кондиционер MDV INFINI Uvpro MDSAL-12HRFN8 / MDOAG-12HFN8,"Бытовая инверторная сплит-система MDV INFINI Uvpro (ERP Full DC Inverter, R32) с ультрафиолетовой лампой обеззараживания. 3D DC-Inverter ERP, мягкое охлаждение Breeze Away, ионизатор Air Magic, фото- и противопылевый фильтры, режимы TURBO+ и Follow me, функция GEAR, 3D Airflow, Wi-Fi-управление.",https://tehnoholod369.kz/katalog,https://mdv-aircond.ru/upload/iblock/91f/3udvueqhn2y45j3ikpb1qfegdhw8enmw.png,in_stock,225000.00 KZT,MDV,MDSAL-12HRFN8,no,new,Дом и сад > Бытовая техника > Климатическое оборудование > Кондиционеры,Кондиционеры > Настенные
THK-MDV-013,Кондиционер MDV INFINI Uvpro MDSAL-18HRFN8 / MDOAG-18HFN8,"Бытовая инверторная сплит-система MDV INFINI Uvpro (ERP Full DC Inverter, R32) с ультрафиолетовой лампой обеззараживания. 3D DC-Inverter ERP, мягкое охлаждение Breeze Away, ионизатор Air Magic, фото- и противопылевый фильтры, режимы TURBO+ и Follow me, функция GEAR, 3D Airflow, Wi-Fi-управление.",https://tehnoholod369.kz/katalog,https://mdv-aircond.ru/upload/iblock/91f/3udvueqhn2y45j3ikpb1qfegdhw8enmw.png,in_stock,341250.00 KZT,MDV,MDSAL-18HRFN8,no,new,Дом и сад > Бытовая техника > Климатическое оборудование > Кондиционеры,Кондиционеры > Настенные
THK-MDV-014,Кондиционер MDV INFINI Uvpro MDSAL-24HRFN8 / MDOAG-24HFN8,"Бытовая инверторная сплит-система MDV INFINI Uvpro (ERP Full DC Inverter, R32) с ультрафиолетовой лампой обеззараживания. 3D DC-Inverter ERP, мягкое охлаждение Breeze Away, ионизатор Air Magic, фото- и противопылевый фильтры, режимы TURBO+ и Follow me, функция GEAR, 3D Airflow, Wi-Fi-управление.",https://tehnoholod369.kz/katalog,https://mdv-aircond.ru/upload/iblock/91f/3udvueqhn2y45j3ikpb1qfegdhw8enmw.png,in_stock,436250.00 KZT,MDV,MDSAL-24HRFN8,no,new,Дом и сад > Бытовая техника > Климатическое оборудование > Кондиционеры,Кондиционеры > Настенные
THK-MDV-015,Кондиционер MDV INTEGRA MDSI-07HRDN8 /   MDOI-07HDN8,"Бытовая инверторная сплит-система MDV INTEGRA (DC Inverter, R32) со встроенным ИИ AI Ecomaster. Мягкое охлаждение Cascade wind, ионизатор Air Magic, фото- и противопылевый фильтры, режимы TURBO+ и Follow me. Функция GEAR, 3D Airflow, Wi-Fi-управление, автоматическая оттайка и перезапуск.",https://tehnoholod369.kz/katalog,https://mdv-aircond.ru/upload/iblock/a47/tf7xj92570e2g6c7g6nwhrm3w8in5bob.png,in_stock,166250.00 KZT,MDV,MDSI-07HRDN8,no,new,Дом и сад > Бытовая техника > Климатическое оборудование > Кондиционеры,Кондиционеры > Настенные
THK-MDV-016,Кондиционер MDV INTEGRA MDSI-09HRDN8 /   MDOI-09HDN8,"Бытовая инверторная сплит-система MDV INTEGRA (DC Inverter, R32) со встроенным ИИ AI Ecomaster. Мягкое охлаждение Cascade wind, ионизатор Air Magic, фото- и противопылевый фильтры, режимы TURBO+ и Follow me. Функция GEAR, 3D Airflow, Wi-Fi-управление, автоматическая оттайка и перезапуск.",https://tehnoholod369.kz/katalog,https://mdv-aircond.ru/upload/iblock/a47/tf7xj92570e2g6c7g6nwhrm3w8in5bob.png,in_stock,176250.00 KZT,MDV,MDSI-09HRDN8,no,new,Дом и сад > Бытовая техника > Климатическое оборудование > Кондиционеры,Кондиционеры > Настенные
THK-MDV-017,Кондиционер MDV INTEGRA MDSI-12HRDN8 /   MDOI-12HDN8,"Бытовая инверторная сплит-система MDV INTEGRA (DC Inverter, R32) со встроенным ИИ AI Ecomaster. Мягкое охлаждение Cascade wind, ионизатор Air Magic, фото- и противопылевый фильтры, режимы TURBO+ и Follow me. Функция GEAR, 3D Airflow, Wi-Fi-управление, автоматическая оттайка и перезапуск.",https://tehnoholod369.kz/katalog,https://mdv-aircond.ru/upload/iblock/a47/tf7xj92570e2g6c7g6nwhrm3w8in5bob.png,in_stock,212500.00 KZT,MDV,MDSI-12HRDN8,no,new,Дом и сад > Бытовая техника > Климатическое оборудование > Кондиционеры,Кондиционеры > Настенные
THK-MDV-018,Кондиционер MDV INTEGRA MDSI-18HRFN8 /    MDOI-18HFN8,"Бытовая инверторная сплит-система MDV INTEGRA (DC Inverter, R32) со встроенным ИИ AI Ecomaster. Мягкое охлаждение Cascade wind, ионизатор Air Magic, фото- и противопылевый фильтры, режимы TURBO+ и Follow me. Функция GEAR, 3D Airflow, Wi-Fi-управление, автоматическая оттайка и перезапуск.",https://tehnoholod369.kz/katalog,https://mdv-aircond.ru/upload/iblock/a47/tf7xj92570e2g6c7g6nwhrm3w8in5bob.png,in_stock,352500.00 KZT,MDV,MDSI-18HRFN8,no,new,Дом и сад > Бытовая техника > Климатическое оборудование > Кондиционеры,Кондиционеры > Настенные
THK-MDV-019,Кондиционер MDV INTEGRA MDSI-24HRFN8 /    MDOI-24HFN8,"Бытовая инверторная сплит-система MDV INTEGRA (DC Inverter, R32) со встроенным ИИ AI Ecomaster. Мягкое охлаждение Cascade wind, ионизатор Air Magic, фото- и противопылевый фильтры, режимы TURBO+ и Follow me. Функция GEAR, 3D Airflow, Wi-Fi-управление, автоматическая оттайка и перезапуск.",https://tehnoholod369.kz/katalog,https://mdv-aircond.ru/upload/iblock/a47/tf7xj92570e2g6c7g6nwhrm3w8in5bob.png,in_stock,453750.00 KZT,MDV,MDSI-24HRFN8,no,new,Дом и сад > Бытовая техника > Климатическое оборудование > Кондиционеры,Кондиционеры > Настенные
THK-MDV-020,Кондиционер MDV INTEGRA PRO MDSAI2-07HRFN8 /  MDOAI2-07HFN8,"Бытовая инверторная сплит-система MDV INTEGRA PRO (ERP Full DC Inverter, R32) с ИИ AI Ecomaster и 3D DC-Inverter ERP. Мягкое охлаждение Cascade wind, ионизатор Air Magic, фото- и противопылевый фильтры, режимы TURBO+ и Follow me, функция GEAR, 3D Airflow, Wi-Fi-управление.",https://tehnoholod369.kz/katalog,https://mdv-aircond.ru/upload/iblock/fb9/o5yfd00vo5dzptiayjlsaieqj4ffxkf0.png,in_stock,170000.00 KZT,MDV,MDSAI2-07HRFN8,no,new,Дом и сад > Бытовая техника > Климатическое оборудование > Кондиционеры,Кондиционеры > Настенные
THK-MDV-021,Кондиционер MDV INTEGRA PRO MDSAI2-09HRFN8 /  MDOAI2-09HFN8,"Бытовая инверторная сплит-система MDV INTEGRA PRO (ERP Full DC Inverter, R32) с ИИ AI Ecomaster и 3D DC-Inverter ERP. Мягкое охлаждение Cascade wind, ионизатор Air Magic, фото- и противопылевый фильтры, режимы TURBO+ и Follow me, функция GEAR, 3D Airflow, Wi-Fi-управление.",https://tehnoholod369.kz/katalog,https://mdv-aircond.ru/upload/iblock/fb9/o5yfd00vo5dzptiayjlsaieqj4ffxkf0.png,in_stock,181250.00 KZT,MDV,MDSAI2-09HRFN8,no,new,Дом и сад > Бытовая техника > Климатическое оборудование > Кондиционеры,Кондиционеры > Настенные
THK-MDV-022,Кондиционер MDV INTEGRA PRO MDSAI2-12HRFN8 /  MDOAI2-12HFN8,"Бытовая инверторная сплит-система MDV INTEGRA PRO (ERP Full DC Inverter, R32) с ИИ AI Ecomaster и 3D DC-Inverter ERP. Мягкое охлаждение Cascade wind, ионизатор Air Magic, фото- и противопылевый фильтры, режимы TURBO+ и Follow me, функция GEAR, 3D Airflow, Wi-Fi-управление.",https://tehnoholod369.kz/katalog,https://mdv-aircond.ru/upload/iblock/fb9/o5yfd00vo5dzptiayjlsaieqj4ffxkf0.png,in_stock,221250.00 KZT,MDV,MDSAI2-12HRFN8,no,new,Дом и сад > Бытовая техника > Климатическое оборудование > Кондиционеры,Кондиционеры > Настенные
THK-MDV-023,Кондиционер MDV INTEGRA PRO MDSAI2-18HRFN8 /  MDOAI2-18HFN8,"Бытовая инверторная сплит-система MDV INTEGRA PRO (ERP Full DC Inverter, R32) с ИИ AI Ecomaster и 3D DC-Inverter ERP. Мягкое охлаждение Cascade wind, ионизатор Air Magic, фото- и противопылевый фильтры, режимы TURBO+ и Follow me, функция GEAR, 3D Airflow, Wi-Fi-управление.",https://tehnoholod369.kz/katalog,https://mdv-aircond.ru/upload/iblock/fb9/o5yfd00vo5dzptiayjlsaieqj4ffxkf0.png,in_stock,357500.00 KZT,MDV,MDSAI2-18HRFN8,no,new,Дом и сад > Бытовая техника > Климатическое оборудование > Кондиционеры,Кондиционеры > Настенные
THK-MDV-024,Кондиционер MDV INTEGRA PRO MDSAI2-24HRFN8 /  MDOAI2-24HFN8,"Бытовая инверторная сплит-система MDV INTEGRA PRO (ERP Full DC Inverter, R32) с ИИ AI Ecomaster и 3D DC-Inverter ERP. Мягкое охлаждение Cascade wind, ионизатор Air Magic, фото- и противопылевый фильтры, режимы TURBO+ и Follow me, функция GEAR, 3D Airflow, Wi-Fi-управление.",https://tehnoholod369.kz/katalog,https://mdv-aircond.ru/upload/iblock/fb9/o5yfd00vo5dzptiayjlsaieqj4ffxkf0.png,in_stock,458750.00 KZT,MDV,MDSAI2-24HRFN8,no,new,Дом и сад > Бытовая техника > Климатическое оборудование > Кондиционеры,Кондиционеры > Настенные
THK-MDV-025,Кондиционер MDV INTEGRA PRO BLACK MDSBI2-07HRFN8 / MDOBI2-07HFN8,"Бытовая инверторная сплит-система MDV INTEGRA PRO BLACK (ERP Full DC Inverter, R32) в матовом чёрном корпусе. ИИ AI Ecomaster, 3D DC-Inverter ERP, мягкое охлаждение Cascade wind, ионизатор Air Magic, фото- и противопылевый фильтры, режимы TURBO+ и Follow me, функция GEAR, Wi-Fi-управление.",https://tehnoholod369.kz/katalog,https://mdv-aircond.ru/upload/iblock/57f/4ivi79dnbxw1jut1mtktfv11sve78b9e.png,in_stock,187500.00 KZT,MDV,MDSBI2-07HRFN8,no,new,Дом и сад > Бытовая техника > Климатическое оборудование > Кондиционеры,Кондиционеры > Настенные
THK-MDV-026,Кондиционер MDV INTEGRA PRO BLACK MDSBI2-09HRFN8 / MDOBI2-09HFN8,"Бытовая инверторная сплит-система MDV INTEGRA PRO BLACK (ERP Full DC Inverter, R32) в матовом чёрном корпусе. ИИ AI Ecomaster, 3D DC-Inverter ERP, мягкое охлаждение Cascade wind, ионизатор Air Magic, фото- и противопылевый фильтры, режимы TURBO+ и Follow me, функция GEAR, Wi-Fi-управление.",https://tehnoholod369.kz/katalog,https://mdv-aircond.ru/upload/iblock/57f/4ivi79dnbxw1jut1mtktfv11sve78b9e.png,in_stock,203750.00 KZT,MDV,MDSBI2-09HRFN8,no,new,Дом и сад > Бытовая техника > Климатическое оборудование > Кондиционеры,Кондиционеры > Настенные
THK-MDV-027,Кондиционер MDV INTEGRA PRO BLACK MDSBI2-12HRFN8 / MDOBI2-12HFN8,"Бытовая инверторная сплит-система MDV INTEGRA PRO BLACK (ERP Full DC Inverter, R32) в матовом чёрном корпусе. ИИ AI Ecomaster, 3D DC-Inverter ERP, мягкое охлаждение Cascade wind, ионизатор Air Magic, фото- и противопылевый фильтры, режимы TURBO+ и Follow me, функция GEAR, Wi-Fi-управление.",https://tehnoholod369.kz/katalog,https://mdv-aircond.ru/upload/iblock/57f/4ivi79dnbxw1jut1mtktfv11sve78b9e.png,in_stock,237500.00 KZT,MDV,MDSBI2-12HRFN8,no,new,Дом и сад > Бытовая техника > Климатическое оборудование > Кондиционеры,Кондиционеры > Настенные
THK-MDV-028,Кондиционер MDV INTEGRA PRO BLACK MDSBI2-18HRFN8 / MDOBI2-18HFN8,"Бытовая инверторная сплит-система MDV INTEGRA PRO BLACK (ERP Full DC Inverter, R32) в матовом чёрном корпусе. ИИ AI Ecomaster, 3D DC-Inverter ERP, мягкое охлаждение Cascade wind, ионизатор Air Magic, фото- и противопылевый фильтры, режимы TURBO+ и Follow me, функция GEAR, Wi-Fi-управление.",https://tehnoholod369.kz/katalog,https://mdv-aircond.ru/upload/iblock/57f/4ivi79dnbxw1jut1mtktfv11sve78b9e.png,in_stock,361250.00 KZT,MDV,MDSBI2-18HRFN8,no,new,Дом и сад > Бытовая техника > Климатическое оборудование > Кондиционеры,Кондиционеры > Настенные
THK-MDV-029,Кондиционер MDV INTEGRA PRO BLACK MDSBI2-24HRFN8 / MDOBI2-24HFN8,"Бытовая инверторная сплит-система MDV INTEGRA PRO BLACK (ERP Full DC Inverter, R32) в матовом чёрном корпусе. ИИ AI Ecomaster, 3D DC-Inverter ERP, мягкое охлаждение Cascade wind, ионизатор Air Magic, фото- и противопылевый фильтры, режимы TURBO+ и Follow me, функция GEAR, Wi-Fi-управление.",https://tehnoholod369.kz/katalog,https://mdv-aircond.ru/upload/iblock/57f/4ivi79dnbxw1jut1mtktfv11sve78b9e.png,in_stock,458750.00 KZT,MDV,MDSBI2-24HRFN8,no,new,Дом и сад > Бытовая техника > Климатическое оборудование > Кондиционеры,Кондиционеры > Настенные
THK-MDV-030,Кондиционер MDV NOVA 3-IN-1 MDSAH-09HRFN8 / MDOAH-09HFN8,"Климатический комплекс MDV NOVA 3-IN-1 (ERP Full DC Inverter, R32), класс энергоэффективности A+++. Приток свежего воздуха, ионизатор Air Magic, УФ-лампа, H13 HEPA-фильтр, режимы Breeze Away, ECO и Follow me. Безветренная прохлада Air-still, 3D Airflow, Wi-Fi-управление, датчик влажности, дежурное отопление 8 °C.",https://tehnoholod369.kz/katalog,https://mdv-aircond.ru/upload/iblock/254/x7m6ommdd4wc8txhe0ufpeqg4v4xfyp1.png,in_stock,310000.00 KZT,MDV,MDSAH-09HRFN8,no,new,Дом и сад > Бытовая техника > Климатическое оборудование > Кондиционеры,Кондиционеры > Настенные
THK-MDV-031,Кондиционер MDV NOVA 3-IN-1 MDSAH-12HRFN8 / MDOAH-12HFN8,"Климатический комплекс MDV NOVA 3-IN-1 (ERP Full DC Inverter, R32), класс энергоэффективности A+++. Приток свежего воздуха, ионизатор Air Magic, УФ-лампа, H13 HEPA-фильтр, режимы Breeze Away, ECO и Follow me. Безветренная прохлада Air-still, 3D Airflow, Wi-Fi-управление, датчик влажности, дежурное отопление 8 °C.",https://tehnoholod369.kz/katalog,https://mdv-aircond.ru/upload/iblock/254/x7m6ommdd4wc8txhe0ufpeqg4v4xfyp1.png,in_stock,331250.00 KZT,MDV,MDSAH-12HRFN8,no,new,Дом и сад > Бытовая техника > Климатическое оборудование > Кондиционеры,Кондиционеры > Настенные
THK-MDV-032,Кондиционер MDV OP SMART MDSOPS-12HRFN8 / MDOOPS-12HFN8,"Инверторный тепловой насос воздух-воздух MDV OP SMART HEAT PUMP (ERP Full DC Inverter, R32): обогрев при −35 °C, охлаждение при −25 °C. 3D DC-Inverter ERP, компрессор GMCC, датчик движения «Радар», датчик влажности, мягкое охлаждение Breeze Away, ионизатор Air Magic, фильтры, режим TURBO+, Wi-Fi-управление.",https://tehnoholod369.kz/katalog,https://mdv-aircond.ru/upload/iblock/00a/fqqc1dd1dby510zku3m3m4mlxryrw9dk.png,in_stock,430000.00 KZT,MDV,MDSOPS-12HRFN8,no,new,Дом и сад > Бытовая техника > Климатическое оборудование > Кондиционеры,Кондиционеры > Настенные
THK-MDV-033,Кондиционер MDV OP SMART MDSOPS-18HRFN8 / MDOOPS-18HFN8,"Инверторный тепловой насос воздух-воздух MDV OP SMART HEAT PUMP (ERP Full DC Inverter, R32): обогрев при −35 °C, охлаждение при −25 °C. 3D DC-Inverter ERP, компрессор GMCC, датчик движения «Радар», датчик влажности, мягкое охлаждение Breeze Away, ионизатор Air Magic, фильтры, режим TURBO+, Wi-Fi-управление.",https://tehnoholod369.kz/katalog,https://mdv-aircond.ru/upload/iblock/00a/fqqc1dd1dby510zku3m3m4mlxryrw9dk.png,in_stock,612500.00 KZT,MDV,MDSOPS-18HRFN8,no,new,Дом и сад > Бытовая техника > Климатическое оборудование > Кондиционеры,Кондиционеры > Настенные
THK-MDV-034,Кондиционер MDV iERA MDSAE-07HRN8 / MDOAE-07HN8,"Бытовая сплит-система MDV iERA (ON/OFF, хладагент R32). Матовый белый корпус, надёжный компрессор GMCC, самодиагностика и обнаружение утечки хладагента, самоочистка внутреннего блока. Биполярный ионизатор Air Magic, фотокаталитический и противопылевый фильтры, режимы TURBO и Follow me. 3D Airflow, Wi-Fi-управление, автоматический перезапуск, обогрев при низких температурах.",https://tehnoholod369.kz/katalog,https://mdv-aircond.ru/upload/iblock/c31/jx55iwfslwsf8wfi21hziaiq0d1n3nmb.png,in_stock,123750.00 KZT,MDV,MDSAE-07HRN8,no,new,Дом и сад > Бытовая техника > Климатическое оборудование > Кондиционеры,Кондиционеры > Настенные
THK-MDV-035,Кондиционер MDV iERA MDSAE-09HRN8 / MDOAE-09HN8,"Бытовая сплит-система MDV iERA (ON/OFF, хладагент R32). Матовый белый корпус, надёжный компрессор GMCC, самодиагностика и обнаружение утечки хладагента, самоочистка внутреннего блока. Биполярный ионизатор Air Magic, фотокаталитический и противопылевый фильтры, режимы TURBO и Follow me. 3D Airflow, Wi-Fi-управление, автоматический перезапуск, обогрев при низких температурах.",https://tehnoholod369.kz/katalog,https://mdv-aircond.ru/upload/iblock/c31/jx55iwfslwsf8wfi21hziaiq0d1n3nmb.png,in_stock,135000.00 KZT,MDV,MDSAE-09HRN8,no,new,Дом и сад > Бытовая техника > Климатическое оборудование > Кондиционеры,Кондиционеры > Настенные
THK-MDV-036,Кондиционер MDV iERA MDSAE-12HRN8 / MDOAE-12HN8,"Бытовая сплит-система MDV iERA (ON/OFF, хладагент R32). Матовый белый корпус, надёжный компрессор GMCC, самодиагностика и обнаружение утечки хладагента, самоочистка внутреннего блока. Биполярный ионизатор Air Magic, фотокаталитический и противопылевый фильтры, режимы TURBO и Follow me. 3D Airflow, Wi-Fi-управление, автоматический перезапуск, обогрев при низких температурах.",https://tehnoholod369.kz/katalog,https://mdv-aircond.ru/upload/iblock/c31/jx55iwfslwsf8wfi21hziaiq0d1n3nmb.png,in_stock,165000.00 KZT,MDV,MDSAE-12HRN8,no,new,Дом и сад > Бытовая техника > Климатическое оборудование > Кондиционеры,Кондиционеры > Настенные
THK-MDV-037,Кондиционер MDV iERA MDSAE-18HRN8 / MDOAE-18HN8,"Бытовая сплит-система MDV iERA (ON/OFF, хладагент R32). Матовый белый корпус, надёжный компрессор GMCC, самодиагностика и обнаружение утечки хладагента, самоочистка внутреннего блока. Биполярный ионизатор Air Magic, фотокаталитический и противопылевый фильтры, режимы TURBO и Follow me. 3D Airflow, Wi-Fi-управление, автоматический перезапуск, обогрев при низких температурах.",https://tehnoholod369.kz/katalog,https://mdv-aircond.ru/upload/iblock/c31/jx55iwfslwsf8wfi21hziaiq0d1n3nmb.png,in_stock,262500.00 KZT,MDV,MDSAE-18HRN8,no,new,Дом и сад > Бытовая техника > Климатическое оборудование > Кондиционеры,Кондиционеры > Настенные
THK-MDV-038,Кондиционер MDV iERA MDSAE-24HRN8 / MDOAE-24HN8,"Бытовая сплит-система MDV iERA (ON/OFF, хладагент R32). Матовый белый корпус, надёжный компрессор GMCC, самодиагностика и обнаружение утечки хладагента, самоочистка внутреннего блока. Биполярный ионизатор Air Magic, фотокаталитический и противопылевый фильтры, режимы TURBO и Follow me. 3D Airflow, Wi-Fi-управление, автоматический перезапуск, обогрев при низких температурах.",https://tehnoholod369.kz/katalog,https://mdv-aircond.ru/upload/iblock/c31/jx55iwfslwsf8wfi21hziaiq0d1n3nmb.png,in_stock,356250.00 KZT,MDV,MDSAE-24HRN8,no,new,Дом и сад > Бытовая техника > Климатическое оборудование > Кондиционеры,Кондиционеры > Настенные
THK-MDV-039,Наружный блок мульти-сплит MDV Free Match MD3O-18HFN8,"Наружный блок мульти-сплит-системы MDV Free Match (ERP Full DC Inverter, R32), класс энергоэффективности A++. Подключение нескольких внутренних блоков, длина трассы до 130 м, 3D DC-Inverter ERP, компрессор GMCC, самоочистка наружного блока, антикоррозийное покрытие Golden Fin, работа на обогрев и охлаждение при −15 °C.",https://tehnoholod369.kz/katalog,https://mdv-aircond.ru/upload/iblock/7dd/rdegm2o03iwgn3ponl5uvlsk1n46k6x4.png,in_stock,443750.00 KZT,MDV,MD3O-18HFN8,no,new,Дом и сад > Бытовая техника > Климатическое оборудование > Кондиционеры,Кондиционеры > Мульти-сплит (наружные модули)
THK-MDV-040,Наружный блок мульти-сплит MDV Free Match MD3O-21HFN8,"Наружный блок мульти-сплит-системы MDV Free Match (ERP Full DC Inverter, R32), класс энергоэффективности A++. Подключение нескольких внутренних блоков, длина трассы до 130 м, 3D DC-Inverter ERP, компрессор GMCC, самоочистка наружного блока, антикоррозийное покрытие Golden Fin, работа на обогрев и охлаждение при −15 °C.",https://tehnoholod369.kz/katalog,https://mdv-aircond.ru/upload/iblock/7dd/rdegm2o03iwgn3ponl5uvlsk1n46k6x4.png,in_stock,460000.00 KZT,MDV,MD3O-21HFN8,no,new,Дом и сад > Бытовая техника > Климатическое оборудование > Кондиционеры,Кондиционеры > Мульти-сплит (наружные модули)
THK-MDV-041,Наружный блок мульти-сплит MDV Free Match MD4O-28HFN8,"Наружный блок мульти-сплит-системы MDV Free Match (ERP Full DC Inverter, R32), класс энергоэффективности A++. Подключение нескольких внутренних блоков, длина трассы до 130 м, 3D DC-Inverter ERP, компрессор GMCC, самоочистка наружного блока, антикоррозийное покрытие Golden Fin, работа на обогрев и охлаждение при −15 °C.",https://tehnoholod369.kz/katalog,https://mdv-aircond.ru/upload/iblock/7dd/rdegm2o03iwgn3ponl5uvlsk1n46k6x4.png,in_stock,506250.00 KZT,MDV,MD4O-28HFN8,no,new,Дом и сад > Бытовая техника > Климатическое оборудование > Кондиционеры,Кондиционеры > Мульти-сплит (наружные модули)
THK-MDV-042,Наружный блок мульти-сплит MDV Free Match MD4O-36HFN8,"Наружный блок мульти-сплит-системы MDV Free Match (ERP Full DC Inverter, R32), класс энергоэффективности A++. Подключение нескольких внутренних блоков, длина трассы до 130 м, 3D DC-Inverter ERP, компрессор GMCC, самоочистка наружного блока, антикоррозийное покрытие Golden Fin, работа на обогрев и охлаждение при −15 °C.",https://tehnoholod369.kz/katalog,https://mdv-aircond.ru/upload/iblock/7dd/rdegm2o03iwgn3ponl5uvlsk1n46k6x4.png,in_stock,771250.00 KZT,MDV,MD4O-36HFN8,no,new,Дом и сад > Бытовая техника > Климатическое оборудование > Кондиционеры,Кондиционеры > Мульти-сплит (наружные модули)
THK-MDV-043,Наружный блок мульти-сплит MDV Free Match MD5OB-42HFN8,"Наружный блок мульти-сплит-системы MDV Free Match (ERP Full DC Inverter, R32), класс энергоэффективности A++. Подключение нескольких внутренних блоков, длина трассы до 130 м, 3D DC-Inverter ERP, компрессор GMCC, самоочистка наружного блока, антикоррозийное покрытие Golden Fin, работа на обогрев и охлаждение при −15 °C.",https://tehnoholod369.kz/katalog,https://mdv-aircond.ru/upload/iblock/7dd/rdegm2o03iwgn3ponl5uvlsk1n46k6x4.png,in_stock,906250.00 KZT,MDV,MD5OB-42HFN8,no,new,Дом и сад > Бытовая техника > Климатическое оборудование > Кондиционеры,Кондиционеры > Мульти-сплит (наружные модули)
THK-MDV-044,Внутренний блок MDV INFINI LOFT MDSALF-09HRFN8-M (настенный (внутр. блок)),"Внутренний блок настенного типа MDV INFINI LOFT для мульти-сплит-системы (Full DC Inverter, R32). Дизайнерский корпус под карбон, 3D DC-Inverter ERP, мягкое охлаждение Breeze Away, ионизатор Air Magic, фильтры, режимы TURBO+ и Follow me, функция GEAR, Wi-Fi-управление.",https://tehnoholod369.kz/katalog,https://mdv-aircond.ru/upload/iblock/c84/vi7oedhkr97zbj327j94yk2ocer111zz.png,in_stock,93750.00 KZT,MDV,MDSALF-09HRFN8,no,new,Дом и сад > Бытовая техника > Климатическое оборудование > Кондиционеры,Кондиционеры > Мульти-сплит настенные
THK-MDV-045,Внутренний блок MDV INFINI LOFT MDSALF-12HRFN8-M (настенный (внутр. блок)),"Внутренний блок настенного типа MDV INFINI LOFT для мульти-сплит-системы (Full DC Inverter, R32). Дизайнерский корпус под карбон, 3D DC-Inverter ERP, мягкое охлаждение Breeze Away, ионизатор Air Magic, фильтры, режимы TURBO+ и Follow me, функция GEAR, Wi-Fi-управление.",https://tehnoholod369.kz/katalog,https://mdv-aircond.ru/upload/iblock/c84/vi7oedhkr97zbj327j94yk2ocer111zz.png,in_stock,107500.00 KZT,MDV,MDSALF-12HRFN8,no,new,Дом и сад > Бытовая техника > Климатическое оборудование > Кондиционеры,Кондиционеры > Мульти-сплит настенные
THK-MDV-046,Внутренний блок MDV INFINI LOFT MDSALF-18HRFN8-M (настенный (внутр. блок)),"Внутренний блок настенного типа MDV INFINI LOFT для мульти-сплит-системы (Full DC Inverter, R32). Дизайнерский корпус под карбон, 3D DC-Inverter ERP, мягкое охлаждение Breeze Away, ионизатор Air Magic, фильтры, режимы TURBO+ и Follow me, функция GEAR, Wi-Fi-управление.",https://tehnoholod369.kz/katalog,https://mdv-aircond.ru/upload/iblock/c84/vi7oedhkr97zbj327j94yk2ocer111zz.png,in_stock,130000.00 KZT,MDV,MDSALF-18HRFN8,no,new,Дом и сад > Бытовая техника > Климатическое оборудование > Кондиционеры,Кондиционеры > Мульти-сплит настенные
THK-MDV-047,Внутренний блок MDV INFINI LOFT MDSALF-24HRFN8-M (настенный (внутр. блок)),"Внутренний блок настенного типа MDV INFINI LOFT для мульти-сплит-системы (Full DC Inverter, R32). Дизайнерский корпус под карбон, 3D DC-Inverter ERP, мягкое охлаждение Breeze Away, ионизатор Air Magic, фильтры, режимы TURBO+ и Follow me, функция GEAR, Wi-Fi-управление.",https://tehnoholod369.kz/katalog,https://mdv-aircond.ru/upload/iblock/c84/vi7oedhkr97zbj327j94yk2ocer111zz.png,in_stock,156250.00 KZT,MDV,MDSALF-24HRFN8,no,new,Дом и сад > Бытовая техника > Климатическое оборудование > Кондиционеры,Кондиционеры > Мульти-сплит настенные
THK-MDV-048,Внутренний блок MDV INFINI Uvpro MDSAL-09HRFN8-M (настенный (внутр. блок)),"Внутренний блок настенного типа MDV INFINI Uvpro для мульти-сплит-системы (Full DC Inverter, R32). Ультрафиолетовая лампа, 3D DC-Inverter ERP, мягкое охлаждение Breeze Away, ионизатор Air Magic, фото- и противопылевый фильтры, режимы TURBO+ и Follow me, функция GEAR, Wi-Fi-управление.",https://tehnoholod369.kz/katalog,https://mdv-aircond.ru/upload/iblock/91f/3udvueqhn2y45j3ikpb1qfegdhw8enmw.png,in_stock,75000.00 KZT,MDV,MDSAL-09HRFN8,no,new,Дом и сад > Бытовая техника > Климатическое оборудование > Кондиционеры,Кондиционеры > Мульти-сплит настенные
THK-MDV-049,Внутренний блок MDV INFINI Uvpro MDSAL-12HRFN8-M (настенный (внутр. блок)),"Внутренний блок настенного типа MDV INFINI Uvpro для мульти-сплит-системы (Full DC Inverter, R32). Ультрафиолетовая лампа, 3D DC-Inverter ERP, мягкое охлаждение Breeze Away, ионизатор Air Magic, фото- и противопылевый фильтры, режимы TURBO+ и Follow me, функция GEAR, Wi-Fi-управление.",https://tehnoholod369.kz/katalog,https://mdv-aircond.ru/upload/iblock/91f/3udvueqhn2y45j3ikpb1qfegdhw8enmw.png,in_stock,85000.00 KZT,MDV,MDSAL-12HRFN8,no,new,Дом и сад > Бытовая техника > Климатическое оборудование > Кондиционеры,Кондиционеры > Мульти-сплит настенные
THK-MDV-050,Внутренний блок MDV INFINI Uvpro MDSAL-18HRFN8-M (настенный (внутр. блок)),"Внутренний блок настенного типа MDV INFINI Uvpro для мульти-сплит-системы (Full DC Inverter, R32). Ультрафиолетовая лампа, 3D DC-Inverter ERP, мягкое охлаждение Breeze Away, ионизатор Air Magic, фото- и противопылевый фильтры, режимы TURBO+ и Follow me, функция GEAR, Wi-Fi-управление.",https://tehnoholod369.kz/katalog,https://mdv-aircond.ru/upload/iblock/91f/3udvueqhn2y45j3ikpb1qfegdhw8enmw.png,in_stock,111250.00 KZT,MDV,MDSAL-18HRFN8,no,new,Дом и сад > Бытовая техника > Климатическое оборудование > Кондиционеры,Кондиционеры > Мульти-сплит настенные
THK-MDV-051,Внутренний блок MDV INFINI Uvpro MDSAL-24HRFN8-M (настенный (внутр. блок)),"Внутренний блок настенного типа MDV INFINI Uvpro для мульти-сплит-системы (Full DC Inverter, R32). Ультрафиолетовая лампа, 3D DC-Inverter ERP, мягкое охлаждение Breeze Away, ионизатор Air Magic, фото- и противопылевый фильтры, режимы TURBO+ и Follow me, функция GEAR, Wi-Fi-управление.",https://tehnoholod369.kz/katalog,https://mdv-aircond.ru/upload/iblock/91f/3udvueqhn2y45j3ikpb1qfegdhw8enmw.png,in_stock,136250.00 KZT,MDV,MDSAL-24HRFN8,no,new,Дом и сад > Бытовая техника > Климатическое оборудование > Кондиционеры,Кондиционеры > Мульти-сплит настенные
THK-MDV-052,Внутренний блок MDV INTEGRA PRO MDSAI2-07HRFN8-M (настенный (внутр. блок)),"Внутренний блок настенного типа MDV INTEGRA PRO для мульти-сплит-системы (Full DC Inverter, R32). Матовый белый корпус, ИИ AI Ecomaster, 3D DC-Inverter ERP, мягкое охлаждение Cascade wind, ионизатор Air Magic, фото- и противопылевый фильтры, режимы TURBO+ и Follow me, функция GEAR, Wi-Fi-управление.",https://tehnoholod369.kz/katalog,https://mdv-aircond.ru/upload/iblock/fb9/o5yfd00vo5dzptiayjlsaieqj4ffxkf0.png,in_stock,55000.00 KZT,MDV,MDSAI2-07HRFN8,no,new,Дом и сад > Бытовая техника > Климатическое оборудование > Кондиционеры,Кондиционеры > Мульти-сплит настенные
THK-MDV-053,Внутренний блок MDV INTEGRA PRO MDSAI2-09HRFN8-M (настенный (внутр. блок)),"Внутренний блок настенного типа MDV INTEGRA PRO для мульти-сплит-системы (Full DC Inverter, R32). Матовый белый корпус, ИИ AI Ecomaster, 3D DC-Inverter ERP, мягкое охлаждение Cascade wind, ионизатор Air Magic, фото- и противопылевый фильтры, режимы TURBO+ и Follow me, функция GEAR, Wi-Fi-управление.",https://tehnoholod369.kz/katalog,https://mdv-aircond.ru/upload/iblock/fb9/o5yfd00vo5dzptiayjlsaieqj4ffxkf0.png,in_stock,62500.00 KZT,MDV,MDSAI2-09HRFN8,no,new,Дом и сад > Бытовая техника > Климатическое оборудование > Кондиционеры,Кондиционеры > Мульти-сплит настенные
THK-MDV-054,Внутренний блок MDV INTEGRA PRO MDSAI2-12HRFN8-M (настенный (внутр. блок)),"Внутренний блок настенного типа MDV INTEGRA PRO для мульти-сплит-системы (Full DC Inverter, R32). Матовый белый корпус, ИИ AI Ecomaster, 3D DC-Inverter ERP, мягкое охлаждение Cascade wind, ионизатор Air Magic, фото- и противопылевый фильтры, режимы TURBO+ и Follow me, функция GEAR, Wi-Fi-управление.",https://tehnoholod369.kz/katalog,https://mdv-aircond.ru/upload/iblock/fb9/o5yfd00vo5dzptiayjlsaieqj4ffxkf0.png,in_stock,81250.00 KZT,MDV,MDSAI2-12HRFN8,no,new,Дом и сад > Бытовая техника > Климатическое оборудование > Кондиционеры,Кондиционеры > Мульти-сплит настенные
THK-MDV-055,Внутренний блок MDV INTEGRA PRO MDSAI2-18HRFN8-M (настенный (внутр. блок)),"Внутренний блок настенного типа MDV INTEGRA PRO для мульти-сплит-системы (Full DC Inverter, R32). Матовый белый корпус, ИИ AI Ecomaster, 3D DC-Inverter ERP, мягкое охлаждение Cascade wind, ионизатор Air Magic, фото- и противопылевый фильтры, режимы TURBO+ и Follow me, функция GEAR, Wi-Fi-управление.",https://tehnoholod369.kz/katalog,https://mdv-aircond.ru/upload/iblock/fb9/o5yfd00vo5dzptiayjlsaieqj4ffxkf0.png,in_stock,112500.00 KZT,MDV,MDSAI2-18HRFN8,no,new,Дом и сад > Бытовая техника > Климатическое оборудование > Кондиционеры,Кондиционеры > Мульти-сплит настенные
THK-MDV-056,Внутренний блок MDV INTEGRA PRO MDSAI2-24HRFN8-M (настенный (внутр. блок)),"Внутренний блок настенного типа MDV INTEGRA PRO для мульти-сплит-системы (Full DC Inverter, R32). Матовый белый корпус, ИИ AI Ecomaster, 3D DC-Inverter ERP, мягкое охлаждение Cascade wind, ионизатор Air Magic, фото- и противопылевый фильтры, режимы TURBO+ и Follow me, функция GEAR, Wi-Fi-управление.",https://tehnoholod369.kz/katalog,https://mdv-aircond.ru/upload/iblock/fb9/o5yfd00vo5dzptiayjlsaieqj4ffxkf0.png,in_stock,140000.00 KZT,MDV,MDSAI2-24HRFN8,no,new,Дом и сад > Бытовая техника > Климатическое оборудование > Кондиционеры,Кондиционеры > Мульти-сплит настенные
THK-MDV-057,Внутренний блок MDV INTEGRA PRO BLACK MDSBI2-07HRFN8-M (настенный (внутр. блок)),"Внутренний блок настенного типа MDV INTEGRA PRO BLACK для мульти-сплит-системы (Full DC Inverter, R32). Матовый чёрный корпус, ИИ AI Ecomaster, 3D DC-Inverter ERP, мягкое охлаждение Cascade wind, ионизатор Air Magic, фильтры, режимы TURBO+ и Follow me, функция GEAR, Wi-Fi-управление.",https://tehnoholod369.kz/katalog,https://mdv-aircond.ru/upload/iblock/57f/4ivi79dnbxw1jut1mtktfv11sve78b9e.png,in_stock,78750.00 KZT,MDV,MDSBI2-07HRFN8,no,new,Дом и сад > Бытовая техника > Климатическое оборудование > Кондиционеры,Кондиционеры > Мульти-сплит настенные
THK-MDV-058,Внутренний блок MDV INTEGRA PRO BLACK MDSBI2-09HRFN8-M (настенный (внутр. блок)),"Внутренний блок настенного типа MDV INTEGRA PRO BLACK для мульти-сплит-системы (Full DC Inverter, R32). Матовый чёрный корпус, ИИ AI Ecomaster, 3D DC-Inverter ERP, мягкое охлаждение Cascade wind, ионизатор Air Magic, фильтры, режимы TURBO+ и Follow me, функция GEAR, Wi-Fi-управление.",https://tehnoholod369.kz/katalog,https://mdv-aircond.ru/upload/iblock/57f/4ivi79dnbxw1jut1mtktfv11sve78b9e.png,in_stock,85000.00 KZT,MDV,MDSBI2-09HRFN8,no,new,Дом и сад > Бытовая техника > Климатическое оборудование > Кондиционеры,Кондиционеры > Мульти-сплит настенные
THK-MDV-059,Внутренний блок MDV INTEGRA PRO BLACK MDSBI2-12HRFN8-M (настенный (внутр. блок)),"Внутренний блок настенного типа MDV INTEGRA PRO BLACK для мульти-сплит-системы (Full DC Inverter, R32). Матовый чёрный корпус, ИИ AI Ecomaster, 3D DC-Inverter ERP, мягкое охлаждение Cascade wind, ионизатор Air Magic, фильтры, режимы TURBO+ и Follow me, функция GEAR, Wi-Fi-управление.",https://tehnoholod369.kz/katalog,https://mdv-aircond.ru/upload/iblock/57f/4ivi79dnbxw1jut1mtktfv11sve78b9e.png,in_stock,97500.00 KZT,MDV,MDSBI2-12HRFN8,no,new,Дом и сад > Бытовая техника > Климатическое оборудование > Кондиционеры,Кондиционеры > Мульти-сплит настенные
THK-MDV-060,Внутренний блок MDV INTEGRA PRO BLACK MDSBI2-18HRFN8-M (настенный (внутр. блок)),"Внутренний блок настенного типа MDV INTEGRA PRO BLACK для мульти-сплит-системы (Full DC Inverter, R32). Матовый чёрный корпус, ИИ AI Ecomaster, 3D DC-Inverter ERP, мягкое охлаждение Cascade wind, ионизатор Air Magic, фильтры, режимы TURBO+ и Follow me, функция GEAR, Wi-Fi-управление.",https://tehnoholod369.kz/katalog,https://mdv-aircond.ru/upload/iblock/57f/4ivi79dnbxw1jut1mtktfv11sve78b9e.png,in_stock,125000.00 KZT,MDV,MDSBI2-18HRFN8,no,new,Дом и сад > Бытовая техника > Климатическое оборудование > Кондиционеры,Кондиционеры > Мульти-сплит настенные
THK-MDV-061,Внутренний блок MDV INTEGRA PRO BLACK MDSBI2-24HRFN8-M (настенный (внутр. блок)),"Внутренний блок настенного типа MDV INTEGRA PRO BLACK для мульти-сплит-системы (Full DC Inverter, R32). Матовый чёрный корпус, ИИ AI Ecomaster, 3D DC-Inverter ERP, мягкое охлаждение Cascade wind, ионизатор Air Magic, фильтры, режимы TURBO+ и Follow me, функция GEAR, Wi-Fi-управление.",https://tehnoholod369.kz/katalog,https://mdv-aircond.ru/upload/iblock/57f/4ivi79dnbxw1jut1mtktfv11sve78b9e.png,in_stock,152500.00 KZT,MDV,MDSBI2-24HRFN8,no,new,Дом и сад > Бытовая техника > Климатическое оборудование > Кондиционеры,Кондиционеры > Мульти-сплит настенные
THK-MDV-062,Внутренний блок MDV Канальный средненапорный MDT2II-07HWFN8 (канальный),"Внутренний блок канального типа (средненапорный) MDV для мульти-сплит-системы (Full DC Inverter, R32). 3D DC-Inverter ERP, приток свежего воздуха, встроенная дренажная помпа (отвод конденсата до 1000 мм), проводной пульт в комплекте, Wi-Fi-управление, автоматическая оттайка и перезапуск.",https://tehnoholod369.kz/katalog,https://mdv-aircond.ru/upload/iblock/3f9/3f91c150a0c36f630d5ac6bec28c6207.png,in_stock,183750.00 KZT,MDV,MDT2II-07HWFN8,no,new,Дом и сад > Бытовая техника > Климатическое оборудование > Кондиционеры,Кондиционеры > Мульти-сплит канальные
THK-MDV-063,Внутренний блок MDV Канальный средненапорный MDT2II-09HWFN8 (канальный),"Внутренний блок канального типа (средненапорный) MDV для мульти-сплит-системы (Full DC Inverter, R32). 3D DC-Inverter ERP, приток свежего воздуха, встроенная дренажная помпа (отвод конденсата до 1000 мм), проводной пульт в комплекте, Wi-Fi-управление, автоматическая оттайка и перезапуск.",https://tehnoholod369.kz/katalog,https://mdv-aircond.ru/upload/iblock/3f9/3f91c150a0c36f630d5ac6bec28c6207.png,in_stock,188750.00 KZT,MDV,MDT2II-09HWFN8,no,new,Дом и сад > Бытовая техника > Климатическое оборудование > Кондиционеры,Кондиционеры > Мульти-сплит канальные
THK-MDV-064,Внутренний блок MDV Канальный средненапорный MDT2II-12HWFN8 (канальный),"Внутренний блок канального типа (средненапорный) MDV для мульти-сплит-системы (Full DC Inverter, R32). 3D DC-Inverter ERP, приток свежего воздуха, встроенная дренажная помпа (отвод конденсата до 1000 мм), проводной пульт в комплекте, Wi-Fi-управление, автоматическая оттайка и перезапуск.",https://tehnoholod369.kz/katalog,https://mdv-aircond.ru/upload/iblock/3f9/3f91c150a0c36f630d5ac6bec28c6207.png,in_stock,206250.00 KZT,MDV,MDT2II-12HWFN8,no,new,Дом и сад > Бытовая техника > Климатическое оборудование > Кондиционеры,Кондиционеры > Мульти-сплит канальные
THK-MDV-065,Внутренний блок MDV Канальный средненапорный MDT2II-18HWFN8 (канальный),"Внутренний блок канального типа (средненапорный) MDV для мульти-сплит-системы (Full DC Inverter, R32). 3D DC-Inverter ERP, приток свежего воздуха, встроенная дренажная помпа (отвод конденсата до 1000 мм), проводной пульт в комплекте, Wi-Fi-управление, автоматическая оттайка и перезапуск.",https://tehnoholod369.kz/katalog,https://mdv-aircond.ru/upload/iblock/3f9/3f91c150a0c36f630d5ac6bec28c6207.png,in_stock,235000.00 KZT,MDV,MDT2II-18HWFN8,no,new,Дом и сад > Бытовая техника > Климатическое оборудование > Кондиционеры,Кондиционеры > Мульти-сплит канальные
THK-MDV-066,Внутренний блок MDV Канальный средненапорный MDT2II-24HWFN8 (канальный),"Внутренний блок канального типа (средненапорный) MDV для мульти-сплит-системы (Full DC Inverter, R32). 3D DC-Inverter ERP, приток свежего воздуха, встроенная дренажная помпа (отвод конденсата до 1000 мм), проводной пульт в комплекте, Wi-Fi-управление, автоматическая оттайка и перезапуск.",https://tehnoholod369.kz/katalog,https://mdv-aircond.ru/upload/iblock/3f9/3f91c150a0c36f630d5ac6bec28c6207.png,in_stock,258750.00 KZT,MDV,MDT2II-24HWFN8,no,new,Дом и сад > Бытовая техника > Климатическое оборудование > Кондиционеры,Кондиционеры > Мульти-сплит канальные
THK-MDV-067,Внутренний блок MDV Кассетный 4-поточный MDCAC4I-07HRFN8 (кассетный),"Внутренний блок кассетного типа (компактный, 4-поточный) MDV для мульти-сплит-системы (Full DC Inverter, R32). Толщина корпуса 245 мм, 3D DC-Inverter ERP, приток свежего воздуха, встроенная дренажная помпа (отвод конденсата до 1000 мм), Wi-Fi-управление (опция). Декоративная панель приобретается отдельно.",https://tehnoholod369.kz/katalog,https://mdv-aircond.ru/upload/iblock/048/hvsa631wy0b2xk43mxt286a0dbvyd5gt.png,in_stock,166250.00 KZT,MDV,MDCAC4I-07HRFN8,no,new,Дом и сад > Бытовая техника > Климатическое оборудование > Кондиционеры,Кондиционеры > Мульти-сплит кассетные
THK-MDV-068,Внутренний блок MDV Кассетный 4-поточный MDCAC4I-09HRFN8 (кассетный),"Внутренний блок кассетного типа (компактный, 4-поточный) MDV для мульти-сплит-системы (Full DC Inverter, R32). Толщина корпуса 245 мм, 3D DC-Inverter ERP, приток свежего воздуха, встроенная дренажная помпа (отвод конденсата до 1000 мм), Wi-Fi-управление (опция). Декоративная панель приобретается отдельно.",https://tehnoholod369.kz/katalog,https://mdv-aircond.ru/upload/iblock/048/hvsa631wy0b2xk43mxt286a0dbvyd5gt.png,in_stock,172500.00 KZT,MDV,MDCAC4I-09HRFN8,no,new,Дом и сад > Бытовая техника > Климатическое оборудование > Кондиционеры,Кондиционеры > Мульти-сплит кассетные
THK-MDV-069,Внутренний блок MDV Кассетный 4-поточный MDCAC4I-12HRFN8 (кассетный),"Внутренний блок кассетного типа (компактный, 4-поточный) MDV для мульти-сплит-системы (Full DC Inverter, R32). Толщина корпуса 245 мм, 3D DC-Inverter ERP, приток свежего воздуха, встроенная дренажная помпа (отвод конденсата до 1000 мм), Wi-Fi-управление (опция). Декоративная панель приобретается отдельно.",https://tehnoholod369.kz/katalog,https://mdv-aircond.ru/upload/iblock/048/hvsa631wy0b2xk43mxt286a0dbvyd5gt.png,in_stock,177500.00 KZT,MDV,MDCAC4I-12HRFN8,no,new,Дом и сад > Бытовая техника > Климатическое оборудование > Кондиционеры,Кондиционеры > Мульти-сплит кассетные
THK-MDV-070,Внутренний блок MDV Кассетный 4-поточный MDCAC4I-18HRFN8 (кассетный),"Внутренний блок кассетного типа (компактный, 4-поточный) MDV для мульти-сплит-системы (Full DC Inverter, R32). Толщина корпуса 245 мм, 3D DC-Inverter ERP, приток свежего воздуха, встроенная дренажная помпа (отвод конденсата до 1000 мм), Wi-Fi-управление (опция). Декоративная панель приобретается отдельно.",https://tehnoholod369.kz/katalog,https://mdv-aircond.ru/upload/iblock/048/hvsa631wy0b2xk43mxt286a0dbvyd5gt.png,in_stock,193750.00 KZT,MDV,MDCAC4I-18HRFN8,no,new,Дом и сад > Бытовая техника > Климатическое оборудование > Кондиционеры,Кондиционеры > Мульти-сплит кассетные
THK-MDV-071,Декоративная панель MDV T-MBQ4-03BD,Декоративная панель MDV для кассетного внутреннего блока мульти-сплит-системы. Подбирается в соответствии с типоразмером внутреннего блока.,https://tehnoholod369.kz/katalog,,in_stock,33750.00 KZT,MDV,T-MBQ4-03BD,no,new,Дом и сад > Бытовая техника > Климатическое оборудование > Кондиционеры,Кондиционеры > Комплектующие
THK-MDV-072,Внутренний блок MDV Кассетный однопоточный MDCA2I-09HRFN8 (кассетный),"Внутренний блок кассетного типа (однопоточный) MDV для мульти-сплит-системы (Full DC Inverter, R32). Толщина корпуса 130 мм, 3D DC-Inverter ERP, приток свежего воздуха, встроенная дренажная помпа (отвод конденсата до 1200 мм), Wi-Fi-управление, автоматическая оттайка и перезапуск. Декоративная панель приобретается отдельно.",https://tehnoholod369.kz/katalog,https://mdv-aircond.ru/upload/iblock/70e/12rq4j7owp23k24l6dwp4qg2h7ppv3w5.png,in_stock,275000.00 KZT,MDV,MDCA2I-09HRFN8,no,new,Дом и сад > Бытовая техника > Климатическое оборудование > Кондиционеры,Кондиционеры > Мульти-сплит кассетные
THK-MDV-073,Внутренний блок MDV Кассетный однопоточный MDCA2I-12HRFN8 (кассетный),"Внутренний блок кассетного типа (однопоточный) MDV для мульти-сплит-системы (Full DC Inverter, R32). Толщина корпуса 130 мм, 3D DC-Inverter ERP, приток свежего воздуха, встроенная дренажная помпа (отвод конденсата до 1200 мм), Wi-Fi-управление, автоматическая оттайка и перезапуск. Декоративная панель приобретается отдельно.",https://tehnoholod369.kz/katalog,https://mdv-aircond.ru/upload/iblock/70e/12rq4j7owp23k24l6dwp4qg2h7ppv3w5.png,in_stock,281250.00 KZT,MDV,MDCA2I-12HRFN8,no,new,Дом и сад > Бытовая техника > Климатическое оборудование > Кондиционеры,Кондиционеры > Мульти-сплит кассетные
THK-MDV-074,Внутренний блок MDV Кассетный однопоточный MDCA2I-18HRFN8 (кассетный),"Внутренний блок кассетного типа (однопоточный) MDV для мульти-сплит-системы (Full DC Inverter, R32). Толщина корпуса 130 мм, 3D DC-Inverter ERP, приток свежего воздуха, встроенная дренажная помпа (отвод конденсата до 1200 мм), Wi-Fi-управление, автоматическая оттайка и перезапуск. Декоративная панель приобретается отдельно.",https://tehnoholod369.kz/katalog,https://mdv-aircond.ru/upload/iblock/70e/12rq4j7owp23k24l6dwp4qg2h7ppv3w5.png,in_stock,312500.00 KZT,MDV,MDCA2I-18HRFN8,no,new,Дом и сад > Бытовая техника > Климатическое оборудование > Кондиционеры,Кондиционеры > Мульти-сплит кассетные
THK-MDV-075,Внутренний блок MDV Кассетный однопоточный MDCA2I-24HRFN8 (кассетный),"Внутренний блок кассетного типа (однопоточный) MDV для мульти-сплит-системы (Full DC Inverter, R32). Толщина корпуса 130 мм, 3D DC-Inverter ERP, приток свежего воздуха, встроенная дренажная помпа (отвод конденсата до 1200 мм), Wi-Fi-управление, автоматическая оттайка и перезапуск. Декоративная панель приобретается отдельно.",https://tehnoholod369.kz/katalog,https://mdv-aircond.ru/upload/iblock/70e/12rq4j7owp23k24l6dwp4qg2h7ppv3w5.png,in_stock,332500.00 KZT,MDV,MDCA2I-24HRFN8,no,new,Дом и сад > Бытовая техника > Климатическое оборудование > Кондиционеры,Кондиционеры > Мульти-сплит кассетные
THK-MDV-076,Декоративная панель MDV T-MBQ1-UTA-A-TED,Декоративная панель MDV для кассетного внутреннего блока мульти-сплит-системы. Подбирается в соответствии с типоразмером внутреннего блока.,https://tehnoholod369.kz/katalog,,in_stock,60000.00 KZT,MDV,T-MBQ1-UTA-A-TED,no,new,Дом и сад > Бытовая техника > Климатическое оборудование > Кондиционеры,Кондиционеры > Комплектующие
THK-MDV-077,Декоративная панель MDV T-MBQ1-UTB-A-TED,Декоративная панель MDV для кассетного внутреннего блока мульти-сплит-системы. Подбирается в соответствии с типоразмером внутреннего блока.,https://tehnoholod369.kz/katalog,,in_stock,63750.00 KZT,MDV,T-MBQ1-UTB-A-TED,no,new,Дом и сад > Бытовая техника > Климатическое оборудование > Кондиционеры,Кондиционеры > Комплектующие
THK-MDV-078,Внутренний блок MDV Консольный MDFFI-12HRFN8 (консольный),"Внутренний блок консольного типа MDV для мульти-сплит-системы (Full DC Inverter, R32). Нестандартный дизайн, 3D DC-Inverter ERP, самодиагностика, режим Follow me, запоминание положения жалюзи, Wi-Fi-управление, 3D Airflow, автоматическая оттайка и перезапуск. ИК-пульт в комплекте, проводной пульт опционально.",https://tehnoholod369.kz/katalog,https://mdv-aircond.ru/upload/iblock/5c7/43nbjxcu5svxe70mja4pqp9hif4l6c30.png,in_stock,152500.00 KZT,MDV,MDFFI-12HRFN8,no,new,Дом и сад > Бытовая техника > Климатическое оборудование > Кондиционеры,Кондиционеры > Мульти-сплит консольные
THK-MDV-079,Внутренний блок MDV Консольный MDFFI-18HRFN8 (консольный),"Внутренний блок консольного типа MDV для мульти-сплит-системы (Full DC Inverter, R32). Нестандартный дизайн, 3D DC-Inverter ERP, самодиагностика, режим Follow me, запоминание положения жалюзи, Wi-Fi-управление, 3D Airflow, автоматическая оттайка и перезапуск. ИК-пульт в комплекте, проводной пульт опционально.",https://tehnoholod369.kz/katalog,https://mdv-aircond.ru/upload/iblock/5c7/43nbjxcu5svxe70mja4pqp9hif4l6c30.png,in_stock,158750.00 KZT,MDV,MDFFI-18HRFN8,no,new,Дом и сад > Бытовая техника > Климатическое оборудование > Кондиционеры,Кондиционеры > Мульти-сплит консольные
THK-MDV-080,Wi-Fi модуль MDV WF-60A1,Wi-Fi-модуль MDV WF-60A1 для дистанционного управления кондиционером со смартфона (приложение). Совместим с поддерживаемыми сериями MDV.,https://tehnoholod369.kz/katalog,,in_stock,25000.00 KZT,MDV,WF-60A1,no,new,Дом и сад > Бытовая техника > Климатическое оборудование > Кондиционеры,Кондиционеры > Комплектующие
THK-MDV-081,Wi-Fi модуль MDV EU-OSK105,Wi-Fi-модуль MDV EU-OSK105 для дистанционного управления кондиционером со смартфона (приложение). Совместим с поддерживаемыми сериями MDV.,https://tehnoholod369.kz/katalog,,in_stock,12500.00 KZT,MDV,EU-OSK105,no,new,Дом и сад > Бытовая техника > Климатическое оборудование > Кондиционеры,Кондиционеры > Комплектующие
